-- MySQL dump 10.13  Distrib 5.5.50, for debian-linux-gnu (x86_64)
--
-- Host: 0.0.0.0    Database: pset7
-- ------------------------------------------------------
-- Server version	5.5.50-0ubuntu0.14.04.1

/*!40101 SET @OLD_CHARACTER_SET_CLIENT=@@CHARACTER_SET_CLIENT */;
/*!40101 SET @OLD_CHARACTER_SET_RESULTS=@@CHARACTER_SET_RESULTS */;
/*!40101 SET @OLD_COLLATION_CONNECTION=@@COLLATION_CONNECTION */;
/*!40101 SET NAMES utf8 */;
/*!40103 SET @OLD_TIME_ZONE=@@TIME_ZONE */;
/*!40103 SET TIME_ZONE='+00:00' */;
/*!40014 SET @OLD_UNIQUE_CHECKS=@@UNIQUE_CHECKS, UNIQUE_CHECKS=0 */;
/*!40014 SET @OLD_FOREIGN_KEY_CHECKS=@@FOREIGN_KEY_CHECKS, FOREIGN_KEY_CHECKS=0 */;
/*!40101 SET @OLD_SQL_MODE=@@SQL_MODE, SQL_MODE='NO_AUTO_VALUE_ON_ZERO' */;
/*!40111 SET @OLD_SQL_NOTES=@@SQL_NOTES, SQL_NOTES=0 */;

--
-- Table structure for table `history`
--

DROP TABLE IF EXISTS `history`;
/*!40101 SET @saved_cs_client     = @@character_set_client */;
/*!40101 SET character_set_client = utf8 */;
CREATE TABLE `history` (
  `id` int(11) NOT NULL AUTO_INCREMENT,
  `user_id` int(10) NOT NULL,
  `action` varchar(8) NOT NULL,
  `symbol` varchar(20) NOT NULL,
  `number` int(11) NOT NULL,
  `price` double NOT NULL,
  `datetime` datetime NOT NULL,
  PRIMARY KEY (`id`),
  UNIQUE KEY `id` (`id`)
) ENGINE=InnoDB AUTO_INCREMENT=11 DEFAULT CHARSET=latin1;
/*!40101 SET character_set_client = @saved_cs_client */;

--
-- Dumping data for table `history`
--

LOCK TABLES `history` WRITE;
/*!40000 ALTER TABLE `history` DISABLE KEYS */;
INSERT INTO `history` VALUES (2,9,'bought','FREE',10,1.15,'2016-11-13 10:57:04'),(3,9,'sold','FREE',11,1.15,'2016-11-13 10:57:36'),(4,9,'bought','ADSK',1000,73.81,'2016-11-13 10:58:14'),(5,9,'sold','ADSK',1000,73.81,'2016-11-13 10:58:31'),(6,9,'bought','ADSK',1,73.81,'2016-11-13 12:07:05'),(7,9,'bought','ADSK',15,73.81,'2016-11-13 12:08:09'),(8,9,'bought','ADSK',15,73.81,'2016-11-13 12:10:03'),(9,9,'bought','ADSK',4,73.81,'2016-11-13 12:10:40'),(10,9,'sold','ADSK',35,73.81,'2016-11-13 12:14:14');
/*!40000 ALTER TABLE `history` ENABLE KEYS */;
UNLOCK TABLES;

--
-- Table structure for table `shares`
--

DROP TABLE IF EXISTS `shares`;
/*!40101 SET @saved_cs_client     = @@character_set_client */;
/*!40101 SET character_set_client = utf8 */;
CREATE TABLE `shares` (
  `id` int(10) NOT NULL AUTO_INCREMENT,
  `user_id` int(10) NOT NULL,
  `symbol` varchar(20) NOT NULL,
  `shares` int(11) NOT NULL,
  PRIMARY KEY (`id`),
  UNIQUE KEY `user_id` (`user_id`,`symbol`),
  UNIQUE KEY `user_id_2` (`user_id`,`symbol`)
) ENGINE=InnoDB AUTO_INCREMENT=52 DEFAULT CHARSET=latin1;
/*!40101 SET character_set_client = @saved_cs_client */;

--
-- Dumping data for table `shares`
--

LOCK TABLES `shares` WRITE;
/*!40000 ALTER TABLE `shares` DISABLE KEYS */;
INSERT INTO `shares` VALUES (1,1,'FREE',550),(2,2,'FREE',550),(3,3,'FREE',550),(4,4,'FREE',550),(5,5,'FREE',550),(6,6,'FREE',550),(7,7,'FREE',550),(8,8,'FREE',550),(10,10,'FREE',550),(33,9,'GOOG',2000);
/*!40000 ALTER TABLE `shares` ENABLE KEYS */;
UNLOCK TABLES;

--
-- Table structure for table `users`
--

DROP TABLE IF EXISTS `users`;
/*!40101 SET @saved_cs_client     = @@character_set_client */;
/*!40101 SET character_set_client = utf8 */;
CREATE TABLE `users` (
  `id` int(10) unsigned NOT NULL AUTO_INCREMENT,
  `cash` decimal(65,0) NOT NULL,
  `username` varchar(255) NOT NULL,
  `hash` varchar(255) NOT NULL,
  PRIMARY KEY (`id`),
  UNIQUE KEY `username` (`username`)
) ENGINE=InnoDB AUTO_INCREMENT=12 DEFAULT CHARSET=latin1;
/*!40101 SET character_set_client = @saved_cs_client */;

--
-- Dumping data for table `users`
--

LOCK TABLES `users` WRITE;
/*!40000 ALTER TABLE `users` DISABLE KEYS */;
INSERT INTO `users` VALUES (1,10000,'andi','$2y$10$c.e4DK7pVyLT.stmHxgAleWq4yViMmkwKz3x8XCo4b/u3r8g5OTnS'),(2,10000,'caesar','$2y$10$0p2dlmu6HnhzEMf9UaUIfuaQP7tFVDMxgFcVs0irhGqhOxt6hJFaa'),(3,10000,'eli','$2y$10$COO6EnTVrCPCEddZyWeEJeH9qPCwPkCS0jJpusNiru.XpRN6Jf7HW'),(4,10000,'hdan','$2y$10$o9a4ZoHqVkVHSno6j.k34.wC.qzgeQTBHiwa3rpnLq7j2PlPJHo1G'),(5,10000,'jason','$2y$10$ci2zwcWLJmSSqyhCnHKUF.AjoysFMvlIb1w4zfmCS7/WaOrmBnLNe'),(6,10000,'john','$2y$10$dy.LVhWgoxIQHAgfCStWietGdJCPjnNrxKNRs5twGcMrQvAPPIxSy'),(7,10000,'levatich','$2y$10$fBfk7L/QFiplffZdo6etM.096pt4Oyz2imLSp5s8HUAykdLXaz6MK'),(8,10000,'rob','$2y$10$3pRWcBbGdAdzdDiVVybKSeFq6C50g80zyPRAxcsh2t5UnwAkG.I.2'),(9,11667822,'skroob','$2y$10$395b7wODm.o2N7W5UZSXXuXwrC0OtFB17w4VjPnCIn/nvv9e4XUQK'),(10,10000,'zamyla','$2y$10$UOaRF0LGOaeHG4oaEkfO4O7vfI34B1W23WqHr9zCpXL68hfQsS3/e');
/*!40000 ALTER TABLE `users` ENABLE KEYS */;
UNLOCK TABLES;
/*!40103 SET TIME_ZONE=@OLD_TIME_ZONE */;

/*!40101 SET SQL_MODE=@OLD_SQL_MODE */;
/*!40014 SET FOREIGN_KEY_CHECKS=@OLD_FOREIGN_KEY_CHECKS */;
/*!40014 SET UNIQUE_CHECKS=@OLD_UNIQUE_CHECKS */;
/*!40101 SET CHARACTER_SET_CLIENT=@OLD_CHARACTER_SET_CLIENT */;
/*!40101 SET CHARACTER_SET_RESULTS=@OLD_CHARACTER_SET_RESULTS */;
/*!40101 SET COLLATION_CONNECTION=@OLD_COLLATION_CONNECTION */;
/*!40111 SET SQL_NOTES=@OLD_SQL_NOTES */;

-- Dump completed on 2016-11-13 12:18:35
